"SuperPop","R2","P_value"
"EUR",0.00025,0.921
"EAS",0.00031,0.911
"AMR",0.00011,0.992
"SAS",0.00063,0.61
"AFR",0.00027,0.843
