"Method","Population","PC1_mean","PC1_sd","PC2_mean","PC2_sd","PC3_mean","PC3_sd","PC4_mean","PC4_sd","PC5_mean","PC5_sd"
"PC-AIR","CLM",-0.0212669218523151,0.016460898736281,-0.0133951426473117,0.0332957721985054,-0.00192025487941461,0.00650070702684716,0.00314494245034709,0.0213160128718951,0.000547295913571401,0.056282125125472
"PC-AIR","MXL",0.0184724465060071,0.0323647889414959,-0.00753847775748924,0.0150311160403372,-0.00143988620385539,0.002600702213205,0.00455768186013234,0.00526105567160778,-0.0085268973012449,0.00624970265249625
"PC-AIR","PEL",0.0733673580127181,0.0260723144206236,0.0145441985766865,0.0182998205982299,0.00165160227884887,0.003893088166122,-0.00341060498413424,0.0126660263171071,0.00355182366284945,0.0435973243841503
"PC-AIR","PUR",-0.0524208459060469,0.0147920093234006,0.00292480550237413,0.0871420648821883,0.00094358930485407,0.0927236936662291,-0.00185516471333056,0.0878620454618402,-0.00340644367803802,0.061037824754164
"Standard PCA","CLM",-0.0192528293453899,0.0137677586858543,0.0113853419906458,0.0241399545082728,-0.00360289693299233,0.00864638193157514,0.00433783479540676,0.0711087840284494,-0.00193274936637229,0.00825628093712994
"Standard PCA","MXL",0.0147669902661339,0.0274590836886203,0.00604223037762729,0.013555067788345,-0.00250442288199859,0.00434163208806942,-0.013138142645505,0.0148742180022113,0.00137909127150458,0.0029371715684318
"Standard PCA","PEL",0.0612657183226729,0.0218438840655106,-0.0135002960769676,0.0124641206164798,0.00277775739303528,0.00459058443584383,0.00299044102819668,0.0219149077662028,-0.000101155088693758,0.0021678314921559
"Standard PCA","PUR",-0.0457945483279828,0.0136041155467032,-0.003179319194281,0.0781549947779207,0.00273111519970173,0.0843365827430708,0.00242425782863512,0.0414517137508671,0.00096181283342329,0.0846504318859397
